window_start,k_mgl,mg_mgl,no3_mgl,nh4_mgl,ca_mgl
1988-01-05,0.8066666666666666,2.1926666666666668,155.06666666666666,27.533333333333335,3.42
1988-03-08,0.89,1.976875,207.8125,22.125,3.084375
1988-05-10,0.8811111111111111,2.183,157.5,90.625,2.9850000000000003
1988-07-12,0.7607692307692308,1.9523076923076923,63,15.5,2.686923076923077
1988-09-13,0.7925,2.43875,140.55555555555554,50.25,3.665
1988-11-15,0.8444444444444444,2.3722222222222222,153.625,NA,4.15125
1989-01-17,0.9088888888888889,2.783333333333333,130.11111111111111,NA,4.293333333333333
1989-03-21,0.8544444444444445,2.738888888888889,141.88888888888889,NA,4.444444444444445
1989-05-23,0.9477777777777777,2.901111111111111,123,NA,4.5344444444444445
1989-07-25,0.9344444444444444,2.6466666666666665,88.375,NA,4.042222222222222
1989-09-26,1.3208333333333333,3.0154545454545456,415.7142857142857,NA,4.2290909090909095
1989-11-28,1.1466666666666667,3.2266666666666666,99,NA,5.8566666666666665
1990-01-30,1.2344444444444445,3.1666666666666665,211.375,NA,5.546666666666667
1990-04-03,1.3628571428571428,2.5492857142857144,450.30769230769226,NA,4.312857142857143
1990-06-05,1.1555555555555554,3.2333333333333334,143.77777777777777,NA,5.4944444444444445
1990-08-07,0.8844444444444445,3.2688888888888887,80.83333333333334,NA,5.841111111111111
1990-10-09,1.007,2.832,108.5,NA,4.603
1990-12-11,0.983,2.988,155.375,NA,5.297
1991-02-12,0.8210000000000001,3.145,65.9,NA,5.656
1991-04-16,0.9255555555555556,2.9477777777777776,46.375,NA,5.167777777777777
1991-06-18,0.7644444444444445,3.3777777777777778,32.42857142857143,NA,5.622222222222223
1991-08-20,1.165,3.614,63.5,NA,5.84
1991-10-22,1.1407692307692308,2.716153846153846,121.6923076923077,NA,4.274615384615385
1991-12-24,1.24,2.9955555555555557,187.125,NA,4.971111111111111
1992-02-25,1.1111111111111112,3.578888888888889,79.75,NA,6.308888888888889
1992-04-28,1.031111111111111,2.59,57.125,NA,4.303333333333334
1992-06-30,1.1466666666666667,3.2455555555555557,140.625,NA,5.6066666666666665
1992-09-01,1.0655555555555556,3.517777777777778,67.71428571428571,NA,6.2
1992-11-03,0.9622222222222222,2.4955555555555557,33,NA,4.543333333333333
1993-01-05,1.1344444444444444,3.181111111111111,20,NA,4.975555555555555
1993-03-09,1.1744444444444444,3.671111111111111,137.11111111111111,NA,5.795555555555556
1993-05-11,1.1577777777777778,3.2222222222222223,28.333333333333332,NA,5.611111111111111
1993-07-13,1.0033333333333334,3.013333333333333,44.6,NA,5.467777777777778
1993-09-14,1.1211111111111112,3.3266666666666667,28.333333333333332,NA,5.921111111111111
1993-11-16,1.18,3.1688888888888886,22.166666666666668,NA,5.688888888888889
1994-01-18,1.0055555555555555,2.951111111111111,13.5,NA,5.302222222222222
1994-03-22,1.051111111111111,3.347777777777778,65.66666666666667,NA,6.14
1994-05-24,1.21,3.85,51.22222222222222,NA,6.785
1994-07-26,1.2377777777777779,3.398888888888889,NA,NA,6.015555555555555
1994-09-27,1.12,3.183333333333333,NA,NA,5.921111111111111
1994-11-29,1.008,3.036,109,NA,5.688
1988-01-05,0.8672222222222222,2.11,239.1875,18.5,4.415555555555556
1988-03-08,0.7833333333333333,2.316666666666667,192.33333333333334,27.142857142857142,4.243333333333333
1988-05-10,0.7969999999999999,2.1189999999999998,239.33333333333334,74.42857142857143,3.587
1988-07-12,0.7846666666666666,2.0286666666666666,178.33333333333334,14,3.446
1988-09-13,0.77,2.37,205,47,4.55
1988-11-15,0.8722222222222222,2.3633333333333333,220.66666666666666,NA,4.161111111111111
1989-01-17,0.9011111111111111,2.52,232.8,NA,4.592222222222222
1989-03-21,0.8766666666666667,2.8766666666666665,190.55555555555554,NA,4.467777777777778
1989-05-23,0.9522222222222222,2.5166666666666666,166.66666666666666,NA,4.615555555555556
1989-07-25,1.01,2.541111111111111,143.25,NA,4.905555555555556
1989-09-26,1.4533333333333334,2.97,419.1111111111111,NA,5.465454545454546
1989-11-28,1.2066666666666666,3.1233333333333335,239.25,NA,6.613333333333333
1990-01-30,1.3388888888888888,3.0522222222222224,188,NA,6.53
1990-04-03,1.3635714285714287,2.4907142857142857,466.7692307692308,NA,5.1971428571428575
1990-06-05,1.1311111111111112,3.2088888888888887,232.77777777777777,NA,6.776666666666666
1990-08-07,0.9255555555555556,3.2244444444444444,121.11111111111113,NA,7.187777777777778
1990-10-09,0.901,2.712,164.7,NA,5.773
1990-12-11,0.998,3.08,182.11111111111111,NA,6.782
1991-02-12,0.843,2.938,138.11111111111111,NA,6.742
1991-04-16,1.01,2.8377777777777777,35.75,NA,3.796666666666667
1991-06-18,0.9955555555555555,3.201111111111111,81,NA,5.316666666666666
1991-08-20,1.42,2.9859999999999998,88.2,NA,6.027
1991-10-22,1.273076923076923,2.7115384615384617,226.69230769230768,NA,4.760769230769231
1991-12-24,1.3033333333333332,2.924444444444444,283.8888888888889,NA,5.828888888888889
1992-02-25,1.1222222222222222,3.121111111111111,88.125,NA,5.852222222222222
1992-04-28,1.2466666666666666,2.482222222222222,124.875,NA,5.24
1992-06-30,1.23,3.26,108.22222222222223,NA,6.88
1992-09-01,1.2677777777777777,3.1655555555555557,49.125,NA,6.641111111111111
1992-11-03,1.2144444444444444,2.6044444444444443,66.28571428571429,NA,5.694444444444445
1993-01-05,1.27,3.181111111111111,135,NA,6.49
1993-03-09,1.3044444444444445,3.243333333333333,144,NA,6.347777777777778
1993-05-11,1.468888888888889,2.9611111111111112,72.75,NA,6.171111111111111
1993-07-13,1.4122222222222223,3.1777777777777776,23.5,NA,7.205555555555556
1993-09-14,1.33,2.8533333333333335,55.33333333333333,NA,6.414444444444444
1993-11-16,1.4,2.6155555555555554,56.66666666666667,NA,6.371111111111111
1994-01-18,1.3533333333333333,2.828888888888889,12.333333333333334,NA,5.916666666666667
1994-03-22,1.2733333333333334,3.0566666666666666,30.166666666666664,NA,6.77
1994-05-24,1.46125,3.11875,87.625,NA,6.51
1994-07-26,0.9500000000000001,1.9333333333333331,NA,NA,3.913333333333333
1994-09-27,1.2125,2.125,NA,NA,4.5125
1994-11-29,1.292,2.744,NA,NA,5.898
1988-01-05,0.728,2.556,165.4375,33.1764705882353,3.3953333333333333
1988-03-08,0.5555555555555556,2.6144444444444446,205.22222222222223,26.333333333333332,3.4766666666666666
1988-05-10,0.688,2.339,196,59.57142857142857,2.613
1988-07-12,0.6328571428571429,2.2592857142857143,134.66666666666666,28.6,2.710714285714286
1988-09-13,0.6275,2.48875,168.25,41.75,3.33125
1988-11-15,0.7366666666666667,2.66,191.33333333333334,NA,3.815
1989-01-17,0.7688888888888888,2.8033333333333332,163.66666666666666,NA,3.801111111111111
1989-03-21,0.7344444444444445,2.7355555555555555,164.66666666666666,NA,3.9033333333333333
1989-05-23,0.7511111111111111,2.8066666666666666,92.22222222222223,NA,3.7533333333333334
1989-07-25,0.81125,2.4344444444444444,155.875,NA,3.6166666666666667
1989-09-26,1.4708333333333332,3.325454545454545,444.625,NA,3.6163636363636367
1989-11-28,1.268888888888889,3.5666666666666664,218.625,NA,5.1433333333333335
1990-01-30,1.4522222222222223,3.3755555555555556,381.77777777777777,NA,4.81
1990-04-03,1.3478571428571429,2.6742857142857144,352.3076923076923,NA,3.6885714285714286
1990-06-05,1.1855555555555555,3.3677777777777775,224.25,NA,4.614444444444445
1990-08-07,0.9944444444444445,3.4522222222222223,151.77777777777777,NA,5.593333333333334
1990-10-09,0.9339999999999999,2.934,155.11111111111111,NA,5.102
1990-12-11,0.9460000000000001,3.08,170.625,NA,4.6770000000000005
1991-02-12,0.79,3.772,146.3,NA,4.788
1991-04-16,0.8922222222222222,3.243333333333333,56.142857142857146,NA,4.216666666666667
1991-06-18,0.8588888888888889,3.535555555555556,118.625,NA,4.447777777777778
1991-08-20,1.05,3.249,114.8,NA,4.675
1991-10-22,0.8776923076923077,2.813846153846154,167,NA,3.8207692307692307
1991-12-24,1.0333333333333334,3.13,179.55555555555554,NA,4.888888888888888
1992-02-25,1.12,3.3511111111111114,127.375,NA,6.21
1992-04-28,0.9355555555555556,2.73,115,NA,4.054444444444444
1992-06-30,1.1411111111111112,3.263333333333333,44.888888888888886,NA,4.682222222222222
1992-09-01,0.8933333333333333,3.2177777777777776,56.33333333333333,NA,4.835555555555556
1992-11-03,1.0977777777777777,3.2466666666666666,40.28571428571429,NA,4.528888888888889
1993-01-05,0.8122222222222223,3.0211111111111113,207,NA,4.0377777777777775
1993-03-09,0.8122222222222222,3.571111111111111,129.125,NA,4.424444444444444
1993-05-11,0.855,3.0637499999999998,59,NA,4.31625
1993-07-13,0.8355555555555556,2.95,102.83333333333334,NA,4.687777777777778
1993-09-14,0.8044444444444444,3.0775,43.66666666666667,NA,4.526666666666666
1993-11-16,0.8833333333333333,2.7577777777777777,32.333333333333336,NA,4.225555555555555
1994-01-18,0.8377777777777777,2.973333333333333,11,NA,4.366666666666666
1994-03-22,0.8622222222222222,3.3666666666666667,49,NA,5.066666666666666
1994-05-24,0.907,3.657,52.111111111111114,NA,5.294
1994-07-26,0.8433333333333334,3.522222222222222,NA,NA,4.98
1994-09-27,0.8644444444444445,3.1544444444444446,NA,NA,4.561111111111111
1994-11-29,0.85,3.198,NA,NA,4.586
1989-05-16,0.6855555555555556,1.96,59.625,NA,6.483333333333333
1989-07-18,0.6614285714285714,1.5783333333333334,73.71428571428571,NA,6.252857142857143
1989-09-19,1.21,2.194,273.8,NA,6.906
1989-11-21,0.8825000000000001,2.572857142857143,112.71428571428571,NA,9.21857142857143
1990-01-23,1.0688888888888888,2.106666666666667,209.22222222222223,NA,8.71
1990-03-27,1.0077777777777777,2.152222222222222,143.33333333333334,NA,9.083333333333334
1990-05-29,0.9544444444444444,2.002222222222222,187,NA,8.342222222222222
1990-07-31,0.8522222222222222,2.1422222222222222,131.88888888888889,NA,9.635555555555555
1990-10-02,0.77,1.9877777777777779,126.125,NA,7.89
1990-12-04,0.6533333333333333,2.1144444444444446,136.75,NA,6.934444444444445
1991-02-05,0.8922222222222222,1.9511111111111112,121.625,NA,7.41875
1991-04-09,0.77,0.9285714285714285,50.25,NA,4.635
1991-06-11,0.7728571428571429,1.61625,58.33333333333333,NA,5.595714285714285
1991-08-13,0.8411111111111111,2.61,80.42857142857143,NA,9.283333333333333
1991-10-15,0.72125,1.975,118.88888888888889,NA,6.5337499999999995
1991-12-17,0.7444444444444445,1.9277777777777778,128.11111111111111,NA,8.153333333333332
1992-02-18,0.9533333333333334,2.8133333333333335,108.375,NA,9.7325
1992-04-21,0.8288888888888889,1.8177777777777777,54.375,NA,7.38
1992-06-23,0.7744444444444444,2.088888888888889,38.111111111111114,NA,8.1466666666666665
1992-08-25,0.8466666666666667,2.39,52.55555555555556,NA,9.634444444444444
1992-10-27,0.70625,1.77125,33.57142857142857,NA,7.395
1992-12-29,0.7255555555555555,1.9188888888888889,NA,NA,7.552222222222222
1993-03-02,0.8055555555555556,2.371111111111111,81.33333333333333,NA,9.314444444444444
1993-05-04,0.8555555555555555,1.9933333333333334,42,NA,7.9944444444444445
1993-07-06,0.7675,2.01,63,NA,8.5875
1993-09-07,0.7211111111111111,1.9766666666666666,49.111111111111114,NA,8.001111111111111
1993-11-09,0.6577777777777778,1.6811111111111112,28.833333333333332,NA,7.39625
1994-01-11,0.5700000000000001,1.6344444444444444,6.333333333333333,NA,6.863333333333333
1994-03-15,0.7277777777777777,2.2044444444444444,18.5,NA,9.652222222222223
1994-05-17,0.8633333333333333,2.3433333333333333,19.625,NA,8.848888888888888
1994-07-19,0.8666666666666667,2.5,119,NA,9.666666666666666
1994-09-20,0.7844444444444444,1.8944444444444444,NA,NA,8.686666666666667
1994-11-22,0.7066666666666667,2.18,43,NA,7.808333333333334
